stage,area_sqft,thickness_mm,volume_cuft,soil_type,brick_size,grade,cement_bags,sand_cuft,labor_count
foundation,,,483.0,rock,,,17.79,55.42,9
plastering,203.0,12.0,,,,,5.03,16.12,2
brickwork,247.0,,,,large,,8.17,28.69,3
foundation,,,994.0,rock,,,38.65,115.48,14
concrete,,,349.0,,,M30,10.78,32.21,5
concrete,,,756.0,,,M25,22.94,64.3,10
concrete,,,317.0,,,M30,12.87,36.11,4
concrete,,,560.0,,,M30,19.05,54.68,6
foundation,,,399.0,clay,,,12.48,37.35,6
concrete,,,566.0,,,M20,13.07,38.23,8
brickwork,355.0,,,,standard,,8.29,27.06,4
brickwork,421.0,,,,standard,,10.06,35.03,6
concrete,,,319.0,,,M30,11.89,35.76,5
concrete,,,743.0,,,M20,19.75,57.12,11
concrete,,,904.0,,,M30,32.87,91.98,12
plastering,279.0,15.0,,,,,8.2,25.46,3
foundation,,,393.0,sand,,,12.36,34.53,6
plastering,285.0,12.0,,,,,6.57,21.89,3
plastering,246.0,15.0,,,,,7.08,23.34,3
brickwork,244.0,,,,large,,6.59,23.03,3
plastering,202.0,12.0,,,,,4.43,13.87,2
concrete,,,415.0,,,M30,14.37,41.32,5
brickwork,268.0,,,,large,,7.57,26.43,4
concrete,,,660.0,,,M20,17.46,50.41,7
brickwork,426.0,,,,large,,12.14,43.92,6
brickwork,200.0,,,,standard,,5.92,20.61,2
plastering,315.0,15.0,,,,,9.2,29.13,3
plastering,220.0,12.0,,,,,4.86,15.74,2
concrete,,,695.0,,,M20,18.1,48.11,8
foundation,,,590.0,rock,,,22.14,68.56,11
plastering,324.0,12.0,,,,,7.65,24.19,3
foundation,,,907.0,sand,,,24.73,76.65,15
plastering,153.0,12.0,,,,,4.09,12.79,1
concrete,,,310.0,,,M20,8.71,24.41,5
foundation,,,255.0,rock,,,10.81,34.55,4
plastering,226.0,15.0,,,,,6.32,21.16,2
plastering,155.0,10.0,,,,,3.11,9.8,2
foundation,,,439.0,sand,,,11.82,32.61,6
plastering,220.0,12.0,,,,,4.99,16.09,2
plastering,336.0,15.0,,,,,10.4,33.88,3
brickwork,278.0,,,,large,,7.6,25.16,4
brickwork,292.0,,,,large,,9.75,34.0,5
plastering,139.0,15.0,,,,,3.94,11.83,1
plastering,198.0,15.0,,,,,6.11,18.73,2
concrete,,,995.0,,,M20,23.15,65.46,11
plastering,229.0,15.0,,,,,6.76,21.41,3
concrete,,,349.0,,,M30,12.72,33.84,6
plastering,124.0,15.0,,,,,4.06,13.8,1
plastering,335.0,12.0,,,,,7.9,25.0,3
brickwork,339.0,,,,standard,,9.25,33.62,4
foundation,,,472.0,sand,,,14.6,43.41,6
foundation,,,873.0,sand,,,23.63,73.87,12
brickwork,238.0,,,,standard,,6.57,23.62,3
plastering,250.0,12.0,,,,,5.52,18.26,2
brickwork,309.0,,,,standard,,6.85,24.98,3
foundation,,,513.0,rock,,,18.69,57.4,8
brickwork,378.0,,,,standard,,8.54,28.33,5
plastering,163.0,15.0,,,,,4.51,15.06,1
brickwork,308.0,,,,large,,8.41,28.65,4
concrete,,,564.0,,,M20,14.87,43.72,8
brickwork,401.0,,,,large,,11.73,40.51,5
plastering,167.0,15.0,,,,,4.81,16.26,1
plastering,325.0,10.0,,,,,6.84,22.16,3
plastering,233.0,12.0,,,,,5.8,19.05,2
plastering,265.0,15.0,,,,,7.59,23.44,2
plastering,164.0,10.0,,,,,2.81,8.71,2
brickwork,454.0,,,,large,,13.13,46.6,5
plastering,272.0,10.0,,,,,5.12,15.76,3
plastering,196.0,15.0,,,,,6.18,20.16,2
plastering,366.0,12.0,,,,,9.16,29.48,3
plastering,199.0,10.0,,,,,3.91,11.72,2
plastering,220.0,12.0,,,,,5.33,16.4,3
concrete,,,412.0,,,M20,9.56,26.96,5
plastering,398.0,12.0,,,,,9.64,31.52,4
plastering,117.0,10.0,,,,,2.24,6.32,1
foundation,,,421.0,sand,,,9.89,31.14,5
foundation,,,696.0,clay,,,22.32,65.69,9
concrete,,,895.0,,,M25,27.16,73.54,11
brickwork,344.0,,,,standard,,8.8,29.49,4
concrete,,,812.0,,,M25,23.07,64.17,12
brickwork,407.0,,,,large,,11.69,39.55,4
plastering,398.0,12.0,,,,,9.5,30.78,4
plastering,375.0,15.0,,,,,11.45,35.94,4
brickwork,454.0,,,,standard,,10.69,35.66,5
concrete,,,600.0,,,M25,19.69,56.11,7
plastering,384.0,12.0,,,,,9.47,30.56,3
brickwork,446.0,,,,standard,,11.96,42.71,7
plastering,395.0,10.0,,,,,8.12,25.65,4
concrete,,,561.0,,,M20,15.64,45.68,9
foundation,,,205.0,rock,,,8.97,24.44,4
brickwork,160.0,,,,large,,5.44,18.54,2
plastering,295.0,12.0,,,,,6.61,21.73,3
foundation,,,428.0,sand,,,13.13,38.9,5
concrete,,,462.0,,,M30,14.37,38.7,6
foundation,,,437.0,clay,,,14.59,44.38,7
foundation,,,897.0,clay,,,28.71,83.38,12
concrete,,,687.0,,,M20,16.7,49.6,9
plastering,220.0,15.0,,,,,7.06,22.09,2
concrete,,,522.0,,,M30,17.51,50.2,6
plastering,143.0,12.0,,,,,3.71,11.61,2
plastering,274.0,12.0,,,,,6.81,21.4,2
foundation,,,530.0,rock,,,22.12,66.47,8
plastering,203.0,10.0,,,,,3.66,11.25,2
brickwork,161.0,,,,large,,5.47,17.21,2
concrete,,,723.0,,,M20,16.56,47.14,11
plastering,229.0,15.0,,,,,7.33,23.75,2
plastering,128.0,10.0,,,,,3.03,9.97,1
foundation,,,238.0,clay,,,6.01,16.88,5
foundation,,,355.0,rock,,,14.16,41.16,7
foundation,,,665.0,clay,,,19.42,55.77,9
brickwork,328.0,,,,large,,10.64,38.17,3
foundation,,,992.0,sand,,,28.75,84.22,13
foundation,,,617.0,clay,,,16.98,48.92,9
foundation,,,643.0,rock,,,24.29,74.76,12
plastering,95.0,15.0,,,,,2.52,8.38,1
plastering,377.0,10.0,,,,,7.62,25.23,3
brickwork,162.0,,,,large,,5.8,22.15,3
plastering,373.0,15.0,,,,,10.7,33.56,4
concrete,,,646.0,,,M20,17.05,45.63,8
concrete,,,513.0,,,M25,13.64,37.79,8
concrete,,,878.0,,,M20,20.1,56.21,10
brickwork,212.0,,,,large,,6.63,25.12,3
plastering,94.0,15.0,,,,,2.95,10.0,1
foundation,,,583.0,rock,,,21.51,66.62,10
plastering,81.0,15.0,,,,,1.94,6.18,1
plastering,334.0,12.0,,,,,8.19,26.97,3
concrete,,,806.0,,,M20,18.96,52.6,11
foundation,,,959.0,sand,,,25.86,77.46,13
foundation,,,387.0,clay,,,11.16,32.46,6
brickwork,493.0,,,,standard,,12.9,45.77,6
plastering,350.0,15.0,,,,,10.51,33.09,3
plastering,83.0,15.0,,,,,2.12,7.2,1
plastering,226.0,12.0,,,,,5.9,19.5,2
concrete,,,574.0,,,M20,14.73,40.6,9
concrete,,,314.0,,,M25,7.87,23.64,5
foundation,,,296.0,rock,,,13.4,43.11,5
plastering,151.0,15.0,,,,,4.91,16.57,1
plastering,390.0,15.0,,,,,11.68,36.96,4
concrete,,,321.0,,,M20,7.25,21.01,4
plastering,84.0,12.0,,,,,2.34,6.64,1
concrete,,,462.0,,,M20,11.08,33.74,6
foundation,,,644.0,clay,,,21.24,63.75,10
foundation,,,355.0,sand,,,11.04,30.52,5
foundation,,,678.0,rock,,,24.6,74.69,12
concrete,,,693.0,,,M25,21.96,64.31,10
foundation,,,248.0,sand,,,5.5,17.18,4
concrete,,,360.0,,,M20,8.48,23.81,5
plastering,198.0,10.0,,,,,4.13,13.03,2
foundation,,,611.0,sand,,,18.25,56.38,10
brickwork,368.0,,,,standard,,8.47,31.38,5
foundation,,,513.0,sand,,,15.2,42.65,7
plastering,122.0,10.0,,,,,2.61,8.21,1
concrete,,,589.0,,,M30,21.75,63.44,7
foundation,,,968.0,sand,,,27.38,79.59,15
foundation,,,868.0,clay,,,27.35,83.02,15
concrete,,,436.0,,,M30,17.22,48.72,7
plastering,383.0,12.0,,,,,8.82,27.56,4
brickwork,165.0,,,,large,,4.83,18.54,2
concrete,,,578.0,,,M30,19.16,52.46,7
foundation,,,901.0,rock,,,34.21,100.1,18
plastering,122.0,10.0,,,,,2.56,7.95,1
foundation,,,214.0,rock,,,8.35,25.36,4
foundation,,,509.0,sand,,,12.03,37.12,9
foundation,,,360.0,sand,,,10.66,34.68,5
plastering,376.0,10.0,,,,,7.29,23.75,4
foundation,,,277.0,rock,,,11.13,34.32,5
foundation,,,885.0,clay,,,25.95,77.6,13
brickwork,274.0,,,,standard,,7.7,28.5,3
brickwork,427.0,,,,large,,12.62,42.72,5
brickwork,165.0,,,,large,,5.42,17.86,2
brickwork,456.0,,,,large,,12.92,43.45,6
foundation,,,394.0,clay,,,12.21,36.97,7
foundation,,,338.0,clay,,,8.46,28.07,6
brickwork,189.0,,,,large,,5.44,19.7,2
concrete,,,524.0,,,M20,14.32,42.85,7
brickwork,388.0,,,,standard,,10.64,35.29,4
plastering,259.0,12.0,,,,,5.78,18.36,3
concrete,,,509.0,,,M20,13.54,35.0,7
concrete,,,347.0,,,M25,9.06,23.06,4
plastering,81.0,15.0,,,,,2.37,7.45,1
brickwork,415.0,,,,standard,,9.78,36.06,4
brickwork,393.0,,,,large,,11.27,39.38,4
concrete,,,737.0,,,M30,26.19,72.41,9
plastering,94.0,10.0,,,,,1.82,5.51,1
concrete,,,416.0,,,M25,11.82,33.8,7
concrete,,,863.0,,,M30,31.83,89.91,14
concrete,,,781.0,,,M20,18.54,51.99,9
brickwork,162.0,,,,standard,,4.39,15.52,2
plastering,192.0,12.0,,,,,5.06,16.69,2
foundation,,,806.0,sand,,,22.53,70.35,15
plastering,117.0,15.0,,,,,3.55,11.01,1
plastering,242.0,15.0,,,,,6.94,21.83,3
plastering,308.0,15.0,,,,,9.47,31.13,3
brickwork,203.0,,,,large,,5.72,18.46,3
concrete,,,685.0,,,M25,20.58,60.1,10
concrete,,,821.0,,,M30,29.85,82.17,10
foundation,,,260.0,sand,,,5.13,13.97,4
foundation,,,978.0,rock,,,36.77,108.84,17
plastering,378.0,12.0,,,,,9.09,29.19,5
concrete,,,814.0,,,M20,19.1,52.27,10
plastering,272.0,15.0,,,,,7.86,24.53,3
plastering,139.0,10.0,,,,,2.41,7.84,1
brickwork,251.0,,,,standard,,5.67,18.75,3
plastering,297.0,10.0,,,,,5.86,18.29,3
foundation,,,543.0,clay,,,16.34,47.06,9
plastering,245.0,15.0,,,,,7.56,24.16,3
brickwork,249.0,,,,standard,,7.01,25.47,4
foundation,,,238.0,rock,,,10.18,28.85,4
concrete,,,315.0,,,M25,11.02,31.87,4
plastering,160.0,15.0,,,,,4.48,14.63,2
plastering,143.0,10.0,,,,,3.22,10.89,2
brickwork,314.0,,,,standard,,8.02,29.29,5
plastering,248.0,12.0,,,,,5.46,17.34,3
brickwork,227.0,,,,large,,6.31,24.01,3
concrete,,,705.0,,,M20,19.59,52.14,8
plastering,113.0,12.0,,,,,2.95,8.89,1
foundation,,,552.0,clay,,,16.76,47.9,10
brickwork,402.0,,,,standard,,10.75,36.37,6
brickwork,173.0,,,,large,,5.05,16.74,2
plastering,300.0,15.0,,,,,8.89,29.05,4
foundation,,,225.0,sand,,,5.48,15.56,3
brickwork,406.0,,,,large,,11.47,39.16,4
concrete,,,586.0,,,M30,20.39,59.38,8
plastering,174.0,12.0,,,,,4.61,14.67,2
concrete,,,349.0,,,M30,12.31,34.27,4
plastering,221.0,15.0,,,,,6.17,19.8,2
plastering,321.0,12.0,,,,,7.42,23.14,3
foundation,,,414.0,sand,,,12.68,37.34,5
foundation,,,628.0,sand,,,16.67,48.75,10
foundation,,,338.0,rock,,,14.93,43.14,5
foundation,,,580.0,clay,,,16.01,46.87,9
brickwork,362.0,,,,standard,,8.63,29.66,4
brickwork,315.0,,,,large,,8.55,28.9,4
concrete,,,549.0,,,M25,15.23,41.25,8
foundation,,,760.0,rock,,,30.84,94.3,15
concrete,,,932.0,,,M20,24.5,68.79,15
brickwork,434.0,,,,standard,,11.1,37.33,7
brickwork,195.0,,,,standard,,5.34,18.88,2
foundation,,,807.0,rock,,,31.05,92.79,13
foundation,,,288.0,sand,,,8.62,24.85,5
brickwork,300.0,,,,large,,8.33,29.8,3
foundation,,,337.0,rock,,,13.03,40.28,4
brickwork,263.0,,,,large,,7.96,27.4,3
plastering,213.0,15.0,,,,,6.29,21.0,3
foundation,,,901.0,clay,,,28.79,84.37,12
concrete,,,434.0,,,M20,11.9,35.61,6
foundation,,,264.0,sand,,,6.24,20.79,4
foundation,,,645.0,clay,,,18.12,54.71,9
foundation,,,529.0,sand,,,15.55,49.57,7
foundation,,,545.0,rock,,,19.33,55.47,8
brickwork,358.0,,,,standard,,8.42,30.68,4
concrete,,,313.0,,,M20,8.04,24.49,4
brickwork,271.0,,,,standard,,7.75,26.45,4
plastering,275.0,10.0,,,,,5.7,18.02,3
concrete,,,563.0,,,M20,14.35,39.4,8
concrete,,,627.0,,,M25,19.1,56.13,9
foundation,,,387.0,rock,,,15.73,45.66,7
concrete,,,403.0,,,M20,9.56,24.34,6
plastering,352.0,12.0,,,,,8.71,28.61,4
plastering,242.0,10.0,,,,,4.8,15.01,2
foundation,,,977.0,clay,,,28.72,85.6,17
brickwork,246.0,,,,large,,7.95,28.72,4
foundation,,,460.0,sand,,,11.74,37.47,8
brickwork,249.0,,,,standard,,7.05,23.84,3
brickwork,345.0,,,,standard,,8.51,31.0,4
concrete,,,893.0,,,M20,23.18,64.14,12
brickwork,424.0,,,,large,,12.05,43.81,7
concrete,,,585.0,,,M25,19.55,53.25,8
plastering,327.0,15.0,,,,,9.37,30.4,4
foundation,,,679.0,rock,,,26.41,79.86,10
brickwork,283.0,,,,standard,,6.19,22.64,3
foundation,,,827.0,sand,,,22.27,65.28,11
brickwork,469.0,,,,standard,,11.22,38.5,5
brickwork,251.0,,,,standard,,6.24,22.19,3
foundation,,,940.0,sand,,,24.54,72.17,15
brickwork,195.0,,,,standard,,5.05,18.36,3
plastering,145.0,10.0,,,,,2.63,9.15,1
plastering,251.0,15.0,,,,,7.51,24.45,2
brickwork,482.0,,,,large,,14.32,51.78,6
concrete,,,350.0,,,M25,10.41,31.77,4
brickwork,159.0,,,,standard,,3.96,14.3,2
concrete,,,760.0,,,M30,28.23,80.12,9
brickwork,310.0,,,,large,,8.85,32.17,5
foundation,,,490.0,sand,,,12.64,35.59,8
plastering,263.0,15.0,,,,,8.26,25.67,2
plastering,282.0,12.0,,,,,7.2,23.89,3
concrete,,,570.0,,,M20,16.16,47.21,8
plastering,204.0,15.0,,,,,6.57,20.86,2
plastering,333.0,10.0,,,,,7.12,21.83,4
plastering,339.0,15.0,,,,,10.25,32.15,3
brickwork,251.0,,,,standard,,5.71,19.04,4
plastering,107.0,10.0,,,,,2.46,7.15,1
brickwork,199.0,,,,large,,6.63,23.68,3
concrete,,,720.0,,,M20,17.0,47.25,11
foundation,,,704.0,clay,,,21.72,67.72,9
foundation,,,520.0,sand,,,13.0,38.52,7
plastering,330.0,10.0,,,,,6.69,20.98,4
brickwork,362.0,,,,large,,11.03,39.43,4
plastering,282.0,10.0,,,,,5.65,17.57,3
foundation,,,389.0,clay,,,11.15,35.78,6
foundation,,,912.0,rock,,,34.07,103.19,17
brickwork,411.0,,,,standard,,9.36,34.65,5
foundation,,,515.0,rock,,,20.12,61.08,9
concrete,,,494.0,,,M20,11.7,34.76,6
foundation,,,825.0,rock,,,33.29,99.9,12
plastering,305.0,15.0,,,,,8.99,29.01,4
foundation,,,219.0,sand,,,7.34,19.58,4
brickwork,158.0,,,,standard,,3.32,11.77,2
plastering,276.0,12.0,,,,,6.59,20.17,3
concrete,,,558.0,,,M30,21.04,59.53,9
brickwork,173.0,,,,standard,,3.58,13.22,3
concrete,,,773.0,,,M20,18.96,53.3,12
plastering,160.0,15.0,,,,,4.41,14.37,2
plastering,133.0,12.0,,,,,2.75,8.24,1
concrete,,,392.0,,,M30,12.0,35.19,6
plastering,173.0,12.0,,,,,4.46,13.81,2
foundation,,,501.0,rock,,,21.43,61.58,7
brickwork,424.0,,,,standard,,11.42,38.53,4
foundation,,,429.0,rock,,,16.73,52.0,6
foundation,,,453.0,clay,,,14.52,44.47,8
plastering,199.0,15.0,,,,,6.4,21.21,2
plastering,368.0,12.0,,,,,8.95,29.26,4
foundation,,,732.0,clay,,,22.33,66.17,11
brickwork,268.0,,,,large,,8.33,28.1,3
foundation,,,620.0,clay,,,18.55,58.53,11
brickwork,193.0,,,,standard,,4.6,14.17,3
concrete,,,350.0,,,M25,11.01,29.26,5
concrete,,,337.0,,,M30,13.38,38.03,5
brickwork,382.0,,,,large,,10.46,35.23,5
brickwork,440.0,,,,large,,13.87,50.4,5
plastering,155.0,10.0,,,,,3.47,11.7,2
brickwork,222.0,,,,large,,5.84,20.02,2
brickwork,350.0,,,,large,,10.44,35.5,4
foundation,,,723.0,sand,,,17.95,51.21,11
plastering,320.0,12.0,,,,,7.74,24.92,4
brickwork,462.0,,,,large,,14.72,51.34,6
plastering,205.0,12.0,,,,,4.81,15.97,2
brickwork,258.0,,,,standard,,5.68,21.5,4
foundation,,,801.0,rock,,,31.56,97.29,16
plastering,143.0,10.0,,,,,3.3,10.1,1
concrete,,,421.0,,,M25,12.35,37.19,5
concrete,,,374.0,,,M30,13.26,37.0,6
plastering,305.0,12.0,,,,,7.13,23.55,3
plastering,95.0,15.0,,,,,3.14,9.29,1
concrete,,,719.0,,,M30,24.77,69.95,8
brickwork,203.0,,,,large,,5.84,21.52,2
plastering,166.0,15.0,,,,,4.7,15.02,2
plastering,294.0,15.0,,,,,8.39,27.82,2
foundation,,,685.0,clay,,,21.32,62.27,10
foundation,,,810.0,sand,,,20.66,60.44,15
plastering,86.0,15.0,,,,,2.57,9.18,1
brickwork,190.0,,,,large,,5.33,20.23,2
foundation,,,512.0,sand,,,13.16,36.49,7
concrete,,,685.0,,,M25,19.56,55.44,10
plastering,385.0,10.0,,,,,7.32,24.26,4
brickwork,233.0,,,,standard,,5.28,16.57,2
foundation,,,955.0,rock,,,36.03,110.84,17
foundation,,,300.0,sand,,,8.41,27.29,5
foundation,,,728.0,rock,,,29.41,88.79,9
foundation,,,620.0,rock,,,25.55,78.71,8
plastering,336.0,15.0,,,,,9.86,31.59,3
brickwork,314.0,,,,large,,9.09,32.91,4
brickwork,178.0,,,,large,,4.79,16.44,2
brickwork,401.0,,,,standard,,10.18,35.7,5
foundation,,,204.0,sand,,,6.68,19.33,3
concrete,,,621.0,,,M20,14.42,39.19,9
plastering,258.0,12.0,,,,,6.61,21.55,3
concrete,,,635.0,,,M30,20.49,58.58,8
concrete,,,610.0,,,M20,16.8,47.86,8
foundation,,,290.0,clay,,,8.43,23.9,6
plastering,316.0,15.0,,,,,9.71,30.7,3
plastering,209.0,10.0,,,,,4.11,13.47,2
plastering,278.0,15.0,,,,,8.55,28.29,3
concrete,,,821.0,,,M25,24.24,69.25,10
concrete,,,858.0,,,M20,21.12,57.45,11
foundation,,,575.0,sand,,,16.32,48.33,8
plastering,303.0,15.0,,,,,8.7,28.35,3
concrete,,,794.0,,,M20,20.87,55.86,13
foundation,,,292.0,sand,,,6.22,20.73,5
plastering,297.0,12.0,,,,,6.82,22.39,3
brickwork,382.0,,,,large,,12.12,41.16,5
brickwork,414.0,,,,large,,11.46,38.43,5
brickwork,473.0,,,,large,,13.41,48.47,8
concrete,,,565.0,,,M30,21.05,58.08,6
plastering,211.0,15.0,,,,,6.43,20.29,2
concrete,,,326.0,,,M20,7.77,18.83,4
plastering,376.0,15.0,,,,,11.66,37.46,3
plastering,338.0,12.0,,,,,8.4,27.43,3
brickwork,475.0,,,,large,,14.09,47.36,8
plastering,343.0,12.0,,,,,8.45,26.73,4
brickwork,465.0,,,,standard,,10.94,37.31,7
brickwork,169.0,,,,standard,,4.05,12.82,2
plastering,196.0,15.0,,,,,6.31,20.3,2
brickwork,426.0,,,,large,,13.78,46.52,5
brickwork,309.0,,,,large,,10.04,37.11,4
concrete,,,842.0,,,M20,19.79,55.79,11
plastering,162.0,15.0,,,,,4.8,14.41,2
foundation,,,621.0,clay,,,17.61,52.19,8
brickwork,406.0,,,,large,,12.93,46.39,7
foundation,,,869.0,clay,,,24.62,74.97,15
foundation,,,635.0,rock,,,26.35,77.45,10
brickwork,413.0,,,,standard,,9.33,31.81,4
concrete,,,553.0,,,M25,16.1,42.3,7
brickwork,491.0,,,,standard,,13.17,44.67,7
concrete,,,722.0,,,M25,20.22,56.44,9
foundation,,,904.0,sand,,,24.65,73.7,15
concrete,,,699.0,,,M20,15.84,45.04,9
plastering,250.0,10.0,,,,,5.14,16.42,3
foundation,,,568.0,clay,,,18.54,56.48,9
concrete,,,840.0,,,M25,27.04,77.23,12
brickwork,279.0,,,,large,,8.05,29.57,3
plastering,275.0,15.0,,,,,8.19,25.8,3
foundation,,,334.0,rock,,,12.89,39.24,6
plastering,117.0,12.0,,,,,3.27,10.65,1
foundation,,,853.0,sand,,,21.9,67.48,11
foundation,,,554.0,rock,,,23.42,67.31,7
foundation,,,742.0,sand,,,21.46,63.72,13
concrete,,,695.0,,,M25,18.94,52.38,9
plastering,337.0,10.0,,,,,7.2,23.29,4
brickwork,388.0,,,,standard,,9.87,36.14,4
foundation,,,966.0,sand,,,27.91,84.2,18
foundation,,,288.0,clay,,,7.63,23.74,4
concrete,,,890.0,,,M25,26.2,72.59,10
foundation,,,766.0,clay,,,22.0,66.95,10
brickwork,234.0,,,,standard,,6.65,22.29,2
brickwork,444.0,,,,standard,,11.07,37.48,7
concrete,,,714.0,,,M20,19.8,57.35,11
brickwork,350.0,,,,standard,,8.6,30.99,4
foundation,,,276.0,sand,,,7.49,21.57,4
foundation,,,333.0,rock,,,14.58,41.83,6
foundation,,,370.0,sand,,,11.25,36.02,5
concrete,,,351.0,,,M20,8.7,26.84,4
foundation,,,262.0,clay,,,9.64,28.16,5
concrete,,,920.0,,,M25,26.46,76.77,10
brickwork,153.0,,,,standard,,3.96,15.66,2
foundation,,,977.0,clay,,,29.84,90.35,18
brickwork,179.0,,,,standard,,3.73,11.3,3
plastering,325.0,15.0,,,,,10.23,33.25,3
foundation,,,794.0,rock,,,30.9,93.29,14
foundation,,,328.0,sand,,,10.25,28.01,6
brickwork,310.0,,,,large,,9.14,32.15,3
concrete,,,545.0,,,M20,11.87,34.91,9
brickwork,500.0,,,,large,,15.99,55.97,8
brickwork,157.0,,,,standard,,4.45,14.75,2
concrete,,,346.0,,,M20,7.33,21.65,5
plastering,365.0,12.0,,,,,8.89,27.54,4
brickwork,321.0,,,,standard,,7.51,28.21,5
plastering,362.0,10.0,,,,,7.34,24.12,4
brickwork,496.0,,,,standard,,11.56,39.09,5
plastering,196.0,10.0,,,,,3.8,13.0,2
concrete,,,805.0,,,M20,20.46,60.19,12
foundation,,,931.0,rock,,,35.7,108.62,18
plastering,175.0,10.0,,,,,3.18,9.62,2
concrete,,,566.0,,,M20,13.38,37.74,8
concrete,,,956.0,,,M25,30.18,84.15,12
concrete,,,531.0,,,M30,19.56,52.88,8
brickwork,251.0,,,,large,,7.06,24.63,3
foundation,,,568.0,clay,,,18.43,55.37,10
brickwork,375.0,,,,large,,12.2,41.45,4
brickwork,190.0,,,,large,,5.32,18.72,2
plastering,291.0,15.0,,,,,8.62,27.59,3
plastering,352.0,12.0,,,,,8.51,26.29,3
brickwork,311.0,,,,standard,,7.66,27.16,5
foundation,,,394.0,rock,,,13.85,42.25,8
plastering,90.0,15.0,,,,,2.91,8.41,1
concrete,,,682.0,,,M25,22.17,63.08,9
foundation,,,511.0,clay,,,16.71,50.68,8
foundation,,,699.0,sand,,,20.76,60.92,10
plastering,222.0,10.0,,,,,4.33,13.79,2
concrete,,,973.0,,,M25,27.48,76.26,11
concrete,,,441.0,,,M25,12.73,33.83,6
brickwork,190.0,,,,standard,,3.99,14.77,3
concrete,,,511.0,,,M25,15.89,41.73,6
concrete,,,309.0,,,M25,7.51,19.23,4
foundation,,,533.0,rock,,,21.13,62.61,9
foundation,,,651.0,rock,,,24.41,71.4,10
plastering,157.0,10.0,,,,,3.35,11.28,2
brickwork,192.0,,,,standard,,5.36,17.23,2
brickwork,315.0,,,,large,,9.67,32.1,3
concrete,,,533.0,,,M20,12.78,38.03,8
concrete,,,489.0,,,M25,12.87,37.71,7
brickwork,490.0,,,,large,,14.09,49.28,6
brickwork,319.0,,,,standard,,7.24,24.71,4
plastering,236.0,15.0,,,,,7.3,23.73,2
plastering,95.0,15.0,,,,,2.91,8.98,1
foundation,,,343.0,rock,,,13.32,42.0,5
foundation,,,519.0,clay,,,17.09,53.61,9
concrete,,,775.0,,,M30,28.76,80.91,12
foundation,,,229.0,rock,,,9.3,27.12,4
brickwork,487.0,,,,large,,15.22,53.76,5
foundation,,,888.0,rock,,,33.14,100.78,15
plastering,340.0,15.0,,,,,9.72,31.18,3
plastering,191.0,12.0,,,,,4.4,14.57,2
foundation,,,807.0,rock,,,32.38,95.01,15
brickwork,215.0,,,,standard,,4.38,15.41,3
plastering,389.0,15.0,,,,,11.35,35.44,5
foundation,,,872.0,rock,,,33.67,98.12,13
foundation,,,363.0,sand,,,8.77,24.68,6
concrete,,,785.0,,,M20,18.87,51.56,9
foundation,,,372.0,clay,,,12.8,35.79,6
foundation,,,764.0,clay,,,24.39,73.24,10
concrete,,,829.0,,,M20,20.75,60.52,14
plastering,242.0,15.0,,,,,7.73,23.83,3
concrete,,,472.0,,,M30,17.86,52.84,7
concrete,,,301.0,,,M30,12.15,36.84,5
foundation,,,466.0,sand,,,10.97,32.47,7
concrete,,,710.0,,,M25,21.08,57.73,10
plastering,100.0,15.0,,,,,3.37,11.54,1
foundation,,,714.0,sand,,,20.16,63.06,11
foundation,,,382.0,clay,,,11.8,37.89,7
brickwork,374.0,,,,standard,,8.8,30.84,5
brickwork,443.0,,,,standard,,10.79,39.72,5
brickwork,250.0,,,,large,,7.82,27.51,3
plastering,399.0,10.0,,,,,7.97,24.53,4
concrete,,,817.0,,,M25,24.87,71.42,11
concrete,,,590.0,,,M25,18.72,52.55,7
concrete,,,438.0,,,M20,10.14,30.29,5
foundation,,,529.0,sand,,,12.54,39.76,7
concrete,,,477.0,,,M25,12.44,32.3,7
concrete,,,502.0,,,M30,18.19,47.98,7
concrete,,,678.0,,,M30,22.56,65.38,9
foundation,,,479.0,sand,,,14.57,43.48,8
foundation,,,723.0,rock,,,29.64,89.42,14
foundation,,,556.0,rock,,,23.12,70.71,9
plastering,124.0,15.0,,,,,3.56,12.23,1
foundation,,,758.0,sand,,,20.31,62.45,10
plastering,287.0,12.0,,,,,6.5,20.97,3
concrete,,,964.0,,,M20,24.88,69.16,12
brickwork,329.0,,,,large,,9.52,31.93,4
foundation,,,359.0,sand,,,8.58,25.81,6
foundation,,,952.0,sand,,,26.97,79.85,16
brickwork,284.0,,,,standard,,6.86,23.45,4
foundation,,,969.0,clay,,,29.02,84.8,13
plastering,283.0,12.0,,,,,6.97,21.66,3
concrete,,,999.0,,,M25,29.19,84.0,13
concrete,,,736.0,,,M20,18.63,50.96,10
plastering,271.0,10.0,,,,,5.22,16.15,3
plastering,82.0,15.0,,,,,2.12,7.35,1
foundation,,,285.0,clay,,,7.2,20.73,4
concrete,,,676.0,,,M20,18.68,51.72,11
brickwork,217.0,,,,standard,,5.1,16.6,3
brickwork,463.0,,,,large,,13.98,48.34,5
brickwork,337.0,,,,standard,,7.45,28.07,5
concrete,,,788.0,,,M25,22.78,64.41,12
foundation,,,607.0,sand,,,18.23,53.44,8
brickwork,159.0,,,,large,,4.17,15.36,2
plastering,348.0,10.0,,,,,7.24,23.74,3
foundation,,,308.0,sand,,,6.43,21.79,4
concrete,,,785.0,,,M30,28.68,77.38,9
foundation,,,852.0,sand,,,24.64,72.47,16
concrete,,,950.0,,,M20,25.07,69.1,16
brickwork,431.0,,,,large,,12.74,42.78,6
concrete,,,954.0,,,M20,23.73,66.2,12
brickwork,319.0,,,,large,,8.73,29.68,5
foundation,,,498.0,clay,,,16.53,47.18,6
brickwork,356.0,,,,large,,11.08,40.69,6
plastering,272.0,10.0,,,,,5.92,18.97,3
plastering,179.0,10.0,,,,,3.23,10.67,2
concrete,,,683.0,,,M20,17.19,48.44,9
concrete,,,772.0,,,M30,26.04,70.86,13
plastering,293.0,10.0,,,,,6.27,20.92,2
foundation,,,553.0,sand,,,16.01,45.12,8
concrete,,,685.0,,,M30,24.21,69.84,8
brickwork,347.0,,,,large,,9.52,32.66,5
foundation,,,802.0,sand,,,21.2,64.3,10
concrete,,,954.0,,,M30,32.43,90.99,12
plastering,322.0,12.0,,,,,7.39,24.19,4
concrete,,,466.0,,,M30,16.6,49.0,6
concrete,,,455.0,,,M25,15.57,42.42,6
plastering,349.0,10.0,,,,,7.46,23.07,3
brickwork,328.0,,,,standard,,8.42,29.0,5
concrete,,,785.0,,,M20,21.1,60.24,9
brickwork,162.0,,,,large,,3.99,15.23,2
brickwork,260.0,,,,large,,7.5,25.62,4
concrete,,,852.0,,,M20,21.55,57.36,12
brickwork,477.0,,,,standard,,12.12,43.78,7
concrete,,,700.0,,,M30,24.18,66.51,8
brickwork,254.0,,,,large,,7.75,26.75,3
plastering,345.0,15.0,,,,,9.86,31.19,4
foundation,,,877.0,clay,,,24.42,75.22,13
concrete,,,329.0,,,M30,10.33,31.48,5
plastering,142.0,12.0,,,,,3.07,9.37,1
foundation,,,658.0,rock,,,26.54,81.33,13
concrete,,,973.0,,,M20,24.18,65.1,11
foundation,,,457.0,sand,,,14.33,40.89,6
foundation,,,352.0,rock,,,12.97,36.97,6
concrete,,,726.0,,,M20,19.75,53.68,10
plastering,136.0,15.0,,,,,3.89,12.14,1
plastering,91.0,10.0,,,,,1.82,5.72,1
foundation,,,430.0,sand,,,10.51,32.36,7
brickwork,368.0,,,,standard,,9.17,30.88,5
brickwork,241.0,,,,large,,7.6,25.87,3
foundation,,,701.0,sand,,,20.81,60.1,10
concrete,,,621.0,,,M25,17.98,48.55,7
foundation,,,793.0,sand,,,23.33,72.18,12
concrete,,,880.0,,,M30,31.06,88.31,10
concrete,,,367.0,,,M20,10.15,26.85,5
plastering,285.0,10.0,,,,,6.1,19.35,2
foundation,,,640.0,clay,,,19.83,57.61,10
brickwork,305.0,,,,large,,8.28,30.21,3
plastering,397.0,15.0,,,,,11.85,37.43,4
brickwork,348.0,,,,standard,,9.34,31.86,4
brickwork,240.0,,,,standard,,6.07,22.16,3
concrete,,,925.0,,,M20,22.56,63.18,15
foundation,,,734.0,sand,,,20.11,59.54,14
concrete,,,456.0,,,M30,16.25,44.79,7
concrete,,,939.0,,,M20,22.51,62.13,12
concrete,,,712.0,,,M30,23.4,64.26,9
brickwork,239.0,,,,standard,,6.51,22.58,3
foundation,,,462.0,clay,,,14.04,40.26,6
brickwork,450.0,,,,large,,13.82,49.22,7
concrete,,,967.0,,,M20,22.3,61.77,11
plastering,177.0,12.0,,,,,4.01,12.31,2
plastering,136.0,12.0,,,,,2.78,9.81,1
foundation,,,231.0,sand,,,4.41,11.36,5
plastering,340.0,10.0,,,,,7.05,23.31,3
concrete,,,443.0,,,M25,14.11,41.57,6
concrete,,,757.0,,,M20,17.68,47.01,11
plastering,216.0,10.0,,,,,3.96,12.36,2
foundation,,,481.0,sand,,,14.4,40.83,9
concrete,,,567.0,,,M30,17.91,53.1,9
foundation,,,447.0,clay,,,13.45,39.15,7
plastering,291.0,15.0,,,,,8.68,28.26,2
concrete,,,620.0,,,M20,13.67,38.9,10
brickwork,464.0,,,,large,,13.69,46.96,5
concrete,,,802.0,,,M25,23.87,65.95,11
concrete,,,863.0,,,M25,25.4,68.27,12
plastering,85.0,10.0,,,,,1.63,5.89,1
foundation,,,387.0,sand,,,12.34,38.78,5
plastering,291.0,10.0,,,,,5.85,19.39,2
concrete,,,497.0,,,M25,15.63,42.07,8
concrete,,,900.0,,,M30,30.97,87.25,12
concrete,,,857.0,,,M25,25.55,74.35,10
foundation,,,260.0,clay,,,9.72,29.83,4
foundation,,,282.0,rock,,,12.96,36.77,5
plastering,314.0,15.0,,,,,8.96,28.23,3
foundation,,,728.0,rock,,,28.23,86.61,13
foundation,,,266.0,sand,,,7.9,21.52,4
foundation,,,703.0,sand,,,18.15,53.81,12
foundation,,,721.0,rock,,,26.86,81.12,10
foundation,,,772.0,clay,,,24.73,75.99,13
brickwork,252.0,,,,large,,6.94,25.82,4
foundation,,,850.0,clay,,,25.67,78.48,16
brickwork,375.0,,,,standard,,8.98,31.15,6
foundation,,,592.0,sand,,,14.1,44.17,8
foundation,,,862.0,sand,,,22.32,68.1,17
plastering,214.0,10.0,,,,,4.07,13.98,2
concrete,,,878.0,,,M30,30.74,83.59,10
concrete,,,507.0,,,M20,12.17,32.7,7
concrete,,,432.0,,,M20,8.9,25.74,5
concrete,,,577.0,,,M30,20.9,55.9,8
brickwork,230.0,,,,large,,6.47,21.16,4
foundation,,,554.0,rock,,,22.97,71.74,7
plastering,287.0,15.0,,,,,8.72,28.84,3
brickwork,365.0,,,,large,,11.88,40.67,4
plastering,323.0,15.0,,,,,9.66,31.14,3
foundation,,,978.0,rock,,,36.76,110.22,16
brickwork,189.0,,,,large,,5.65,18.8,2
concrete,,,903.0,,,M30,31.98,92.39,14
concrete,,,597.0,,,M20,16.85,49.15,7
brickwork,228.0,,,,large,,7.49,25.29,3
plastering,289.0,12.0,,,,,6.48,19.82,3
plastering,295.0,10.0,,,,,6.12,20.15,3
brickwork,327.0,,,,large,,9.22,30.49,3
concrete,,,737.0,,,M20,18.65,52.79,12
foundation,,,594.0,sand,,,16.88,53.23,8
brickwork,295.0,,,,standard,,7.94,27.19,5
foundation,,,215.0,sand,,,6.31,19.78,4
plastering,227.0,12.0,,,,,5.36,16.49,2
concrete,,,716.0,,,M30,24.98,69.6,9
plastering,194.0,10.0,,,,,3.55,10.59,2
foundation,,,831.0,clay,,,25.09,76.56,13
plastering,395.0,12.0,,,,,9.43,29.64,4
brickwork,204.0,,,,standard,,5.49,18.13,2
concrete,,,447.0,,,M20,12.64,34.65,6
brickwork,222.0,,,,standard,,6.1,21.58,3
concrete,,,441.0,,,M30,15.02,41.44,7
brickwork,439.0,,,,large,,12.91,44.29,5
concrete,,,657.0,,,M25,19.15,54.55,9
plastering,208.0,10.0,,,,,3.81,12.33,2
foundation,,,706.0,sand,,,17.72,53.66,13
brickwork,270.0,,,,large,,7.23,26.24,3
plastering,206.0,12.0,,,,,4.9,14.95,2
foundation,,,401.0,rock,,,16.98,51.32,7
foundation,,,732.0,clay,,,20.74,60.99,12
brickwork,435.0,,,,standard,,10.05,35.93,7
plastering,386.0,15.0,,,,,11.83,37.48,5
foundation,,,804.0,sand,,,23.45,72.95,12
brickwork,438.0,,,,standard,,10.37,35.89,5
plastering,239.0,10.0,,,,,4.79,15.39,2
foundation,,,863.0,sand,,,24.66,72.45,13
concrete,,,901.0,,,M30,33.17,92.79,11
foundation,,,784.0,rock,,,31.19,93.63,12
plastering,280.0,10.0,,,,,5.66,17.18,3
plastering,229.0,10.0,,,,,4.88,16.17,2
plastering,88.0,15.0,,,,,2.59,7.66,1
foundation,,,981.0,clay,,,29.95,90.17,15
plastering,182.0,10.0,,,,,3.68,11.12,2
plastering,215.0,10.0,,,,,4.3,13.92,2
brickwork,235.0,,,,large,,8.01,26.59,2
foundation,,,876.0,sand,,,22.72,68.25,16
plastering,361.0,10.0,,,,,7.63,24.4,4
brickwork,289.0,,,,large,,8.83,31.85,3
brickwork,325.0,,,,standard,,7.35,26.26,4
concrete,,,680.0,,,M20,17.09,47.43,11
concrete,,,911.0,,,M20,22.65,63.13,12
plastering,309.0,15.0,,,,,9.22,28.69,3
concrete,,,592.0,,,M25,15.77,44.55,9
concrete,,,560.0,,,M25,17.57,51.92,8
foundation,,,887.0,sand,,,23.71,71.27,11
plastering,128.0,10.0,,,,,2.56,8.22,1
brickwork,167.0,,,,standard,,4.07,12.4,3
foundation,,,299.0,sand,,,9.84,27.93,6
concrete,,,550.0,,,M30,17.88,50.98,6
plastering,261.0,15.0,,,,,8.0,25.23,3
foundation,,,670.0,clay,,,19.1,60.02,10
brickwork,403.0,,,,standard,,10.65,38.29,4
concrete,,,750.0,,,M30,27.63,78.82,10
brickwork,323.0,,,,standard,,7.76,26.29,4
concrete,,,435.0,,,M20,12.79,38.75,6
concrete,,,967.0,,,M20,25.96,70.02,15
concrete,,,728.0,,,M20,17.28,50.37,8
foundation,,,744.0,rock,,,30.11,92.58,14
foundation,,,454.0,sand,,,11.65,34.95,6
concrete,,,711.0,,,M25,19.73,52.25,9
concrete,,,344.0,,,M20,9.91,30.5,4
foundation,,,573.0,clay,,,16.88,49.04,9
foundation,,,232.0,rock,,,10.16,29.39,5
plastering,335.0,15.0,,,,,10.4,33.85,3
plastering,334.0,10.0,,,,,6.55,20.54,4
brickwork,255.0,,,,large,,7.0,23.03,4
concrete,,,745.0,,,M20,17.58,49.1,10
foundation,,,817.0,rock,,,33.57,100.07,12
concrete,,,922.0,,,M25,27.31,75.54,12
plastering,323.0,15.0,,,,,9.63,31.68,3
foundation,,,772.0,clay,,,23.79,72.27,14
concrete,,,722.0,,,M30,25.42,70.65,8
foundation,,,254.0,clay,,,5.86,14.74,4
foundation,,,638.0,rock,,,23.56,70.65,10
concrete,,,895.0,,,M30,33.04,91.1,14
foundation,,,532.0,sand,,,12.86,39.59,7
concrete,,,401.0,,,M30,13.88,39.51,5
concrete,,,889.0,,,M30,31.04,87.8,11
brickwork,399.0,,,,large,,11.91,40.39,4
concrete,,,682.0,,,M25,21.93,61.06,10
foundation,,,855.0,rock,,,33.07,101.68,12
plastering,154.0,10.0,,,,,3.16,11.07,2
plastering,240.0,12.0,,,,,5.66,17.74,2
foundation,,,345.0,rock,,,15.38,48.1,7
plastering,390.0,15.0,,,,,11.54,37.45,4
brickwork,402.0,,,,standard,,10.54,38.41,5
foundation,,,463.0,rock,,,18.36,54.53,8
plastering,312.0,15.0,,,,,9.52,30.89,3
plastering,121.0,10.0,,,,,2.5,7.32,1
plastering,267.0,12.0,,,,,6.61,20.41,3
plastering,375.0,10.0,,,,,7.5,24.15,4
foundation,,,668.0,sand,,,17.66,54.85,9
foundation,,,395.0,clay,,,13.62,42.33,6
foundation,,,867.0,sand,,,24.22,72.84,13
plastering,92.0,12.0,,,,,1.88,5.38,1
plastering,124.0,15.0,,,,,3.36,11.28,1
brickwork,271.0,,,,large,,8.13,28.45,3
foundation,,,271.0,sand,,,5.79,19.35,5
foundation,,,660.0,rock,,,27.48,81.19,10
brickwork,345.0,,,,standard,,7.92,26.86,4
plastering,158.0,12.0,,,,,3.43,11.18,2
plastering,377.0,12.0,,,,,8.82,27.71,4
brickwork,290.0,,,,standard,,7.98,29.83,5
foundation,,,659.0,clay,,,21.44,62.17,9
plastering,177.0,15.0,,,,,4.89,15.31,2
plastering,325.0,10.0,,,,,6.4,20.36,3
foundation,,,290.0,sand,,,9.11,24.38,4
brickwork,360.0,,,,standard,,8.9,31.31,4
foundation,,,735.0,clay,,,20.98,60.1,13
concrete,,,521.0,,,M25,15.47,43.58,6
concrete,,,404.0,,,M20,10.76,29.15,6
plastering,220.0,12.0,,,,,5.02,15.88,2
concrete,,,371.0,,,M20,10.97,30.82,5
plastering,235.0,15.0,,,,,6.95,22.47,3
plastering,306.0,15.0,,,,,9.19,29.98,3
concrete,,,625.0,,,M30,22.28,62.89,10
plastering,220.0,12.0,,,,,4.85,16.16,2
concrete,,,654.0,,,M25,17.82,52.84,8
plastering,319.0,15.0,,,,,9.92,30.79,4
plastering,256.0,10.0,,,,,4.88,14.86,3
plastering,304.0,12.0,,,,,7.08,23.59,3
concrete,,,752.0,,,M20,17.73,46.94,10
concrete,,,846.0,,,M20,20.92,55.9,12
foundation,,,621.0,rock,,,24.32,74.05,11
brickwork,314.0,,,,large,,9.92,36.44,5
brickwork,360.0,,,,large,,10.04,33.73,4
brickwork,183.0,,,,large,,4.88,16.0,3
brickwork,387.0,,,,large,,11.85,43.12,4
concrete,,,976.0,,,M30,33.41,92.88,13
foundation,,,436.0,sand,,,11.86,32.89,6
concrete,,,460.0,,,M30,15.31,44.41,6
concrete,,,904.0,,,M20,22.43,61.88,11
concrete,,,969.0,,,M30,34.56,97.41,13
brickwork,284.0,,,,large,,9.04,33.11,4
brickwork,250.0,,,,large,,7.6,26.27,4
brickwork,153.0,,,,large,,5.18,16.14,2
foundation,,,730.0,sand,,,21.24,62.8,10
plastering,218.0,12.0,,,,,5.35,16.93,2
plastering,205.0,15.0,,,,,5.97,19.85,2
foundation,,,823.0,sand,,,20.65,60.43,11
foundation,,,607.0,clay,,,19.04,59.47,10
plastering,261.0,10.0,,,,,5.42,18.08,2
plastering,176.0,10.0,,,,,3.28,9.61,2
foundation,,,707.0,sand,,,20.27,61.35,9
brickwork,254.0,,,,large,,8.39,28.29,3
concrete,,,355.0,,,M30,14.24,39.78,5
concrete,,,656.0,,,M30,24.11,66.15,9
brickwork,294.0,,,,large,,8.03,27.86,4
foundation,,,990.0,clay,,,31.23,92.66,13
brickwork,463.0,,,,standard,,10.95,39.83,5
brickwork,332.0,,,,standard,,7.78,26.29,3
concrete,,,587.0,,,M30,19.03,52.91,8
brickwork,253.0,,,,large,,7.61,26.26,3
plastering,106.0,15.0,,,,,3.11,10.03,1
plastering,336.0,15.0,,,,,10.54,34.15,4
foundation,,,535.0,clay,,,15.64,44.48,9
concrete,,,775.0,,,M25,23.27,65.95,11
concrete,,,913.0,,,M30,31.1,89.46,11
brickwork,413.0,,,,standard,,10.79,37.63,6
foundation,,,750.0,rock,,,27.7,81.72,11
foundation,,,273.0,clay,,,9.39,31.15,4
brickwork,257.0,,,,standard,,7.41,24.8,3
foundation,,,656.0,sand,,,18.32,53.36,9
foundation,,,775.0,sand,,,22.1,65.75,10
plastering,285.0,10.0,,,,,5.97,19.73,3
foundation,,,483.0,clay,,,12.52,38.22,6
foundation,,,406.0,rock,,,15.45,48.36,6
concrete,,,597.0,,,M30,22.16,64.36,9
brickwork,473.0,,,,large,,13.96,49.25,5
foundation,,,675.0,clay,,,19.39,55.21,9
concrete,,,709.0,,,M30,26.46,71.16,9
concrete,,,627.0,,,M25,20.43,59.69,8
plastering,92.0,10.0,,,,,1.57,5.13,1
foundation,,,475.0,clay,,,16.02,49.09,8
concrete,,,678.0,,,M20,18.07,47.78,11
brickwork,212.0,,,,standard,,5.35,19.84,3
brickwork,217.0,,,,large,,7.5,24.6,2
foundation,,,721.0,rock,,,29.23,89.92,11
brickwork,286.0,,,,standard,,6.7,21.97,5
concrete,,,793.0,,,M30,28.78,78.57,10
foundation,,,929.0,sand,,,25.49,77.11,16
foundation,,,823.0,rock,,,30.47,88.51,10
plastering,99.0,10.0,,,,,1.75,5.07,1
plastering,118.0,15.0,,,,,3.56,11.66,1
plastering,341.0,10.0,,,,,6.42,20.91,4
concrete,,,605.0,,,M20,16.21,43.06,7
brickwork,271.0,,,,large,,8.67,31.22,4
plastering,122.0,10.0,,,,,1.96,7.03,1
brickwork,499.0,,,,large,,15.18,55.06,7
brickwork,311.0,,,,standard,,8.37,30.88,5
concrete,,,598.0,,,M25,18.69,53.38,8
brickwork,220.0,,,,standard,,5.17,18.99,4
foundation,,,942.0,clay,,,28.77,86.2,17
plastering,335.0,15.0,,,,,10.29,32.67,3
concrete,,,1000.0,,,M20,23.98,64.89,16
foundation,,,220.0,sand,,,7.92,25.71,3
brickwork,413.0,,,,standard,,10.6,36.13,6
foundation,,,645.0,rock,,,23.25,70.07,9
brickwork,298.0,,,,large,,9.04,32.03,3
foundation,,,951.0,clay,,,28.16,82.59,17
foundation,,,546.0,clay,,,14.71,44.23,9
concrete,,,576.0,,,M30,18.63,54.58,7
brickwork,281.0,,,,large,,8.14,29.24,3
concrete,,,814.0,,,M25,25.8,69.86,13
concrete,,,629.0,,,M25,18.38,49.55,9
brickwork,211.0,,,,large,,5.45,19.8,3
plastering,254.0,15.0,,,,,7.59,24.15,3
concrete,,,741.0,,,M25,24.06,67.68,12
plastering,80.0,12.0,,,,,2.27,6.83,1
brickwork,434.0,,,,large,,13.89,50.19,7
concrete,,,542.0,,,M30,19.1,53.78,7
plastering,215.0,15.0,,,,,6.36,20.76,2
plastering,166.0,12.0,,,,,4.39,13.16,2
plastering,144.0,10.0,,,,,2.54,7.62,1
plastering,157.0,10.0,,,,,3.45,10.98,1
plastering,267.0,15.0,,,,,8.37,26.01,2
foundation,,,835.0,sand,,,23.68,68.56,11
foundation,,,610.0,sand,,,15.42,45.88,10
brickwork,316.0,,,,large,,9.17,33.7,4
foundation,,,389.0,rock,,,13.94,43.82,6
foundation,,,202.0,clay,,,4.75,15.38,4
plastering,273.0,10.0,,,,,5.76,18.19,3
brickwork,175.0,,,,standard,,3.96,12.06,2
concrete,,,586.0,,,M20,15.88,43.37,9
brickwork,492.0,,,,standard,,12.84,43.98,6
plastering,257.0,10.0,,,,,5.35,17.7,3
foundation,,,677.0,sand,,,19.58,59.29,10
plastering,356.0,15.0,,,,,11.01,35.56,4
plastering,98.0,15.0,,,,,3.41,11.23,1
foundation,,,447.0,rock,,,16.91,50.51,7
brickwork,195.0,,,,large,,6.24,21.59,3
foundation,,,461.0,rock,,,16.74,49.51,9
plastering,179.0,12.0,,,,,4.33,14.72,2
concrete,,,357.0,,,M20,9.57,25.19,5
concrete,,,543.0,,,M25,14.72,40.48,8
foundation,,,480.0,sand,,,12.32,37.7,7
concrete,,,778.0,,,M20,17.72,50.44,12
concrete,,,721.0,,,M25,22.11,60.41,8
plastering,327.0,10.0,,,,,6.83,22.51,3
plastering,130.0,10.0,,,,,3.01,9.34,1
foundation,,,803.0,rock,,,30.98,90.82,10
brickwork,214.0,,,,large,,5.88,20.59,2
brickwork,178.0,,,,large,,5.64,21.29,3
brickwork,184.0,,,,standard,,4.37,14.32,2
foundation,,,252.0,rock,,,11.52,31.57,4
brickwork,425.0,,,,standard,,10.33,36.12,5
plastering,123.0,15.0,,,,,3.49,10.48,1
brickwork,324.0,,,,large,,9.75,35.49,5
brickwork,490.0,,,,large,,13.77,47.7,8
plastering,245.0,12.0,,,,,5.61,17.77,2
foundation,,,593.0,rock,,,23.48,67.93,9
plastering,185.0,10.0,,,,,4.18,13.19,2
plastering,274.0,10.0,,,,,5.92,18.53,3
foundation,,,425.0,sand,,,10.09,32.46,5
concrete,,,817.0,,,M30,26.88,76.48,13
brickwork,223.0,,,,standard,,4.71,14.78,3
concrete,,,534.0,,,M30,18.55,52.49,8
foundation,,,757.0,clay,,,23.34,68.4,11
foundation,,,620.0,rock,,,23.32,70.27,8
foundation,,,694.0,sand,,,19.28,60.15,10
foundation,,,314.0,clay,,,8.48,23.41,4
brickwork,273.0,,,,standard,,5.86,19.37,4
plastering,338.0,15.0,,,,,10.11,32.49,3
plastering,344.0,10.0,,,,,6.54,20.41,4
foundation,,,823.0,clay,,,26.33,79.74,11
concrete,,,754.0,,,M30,27.9,80.77,13
foundation,,,800.0,clay,,,24.11,73.28,13
foundation,,,317.0,rock,,,10.78,32.22,6
plastering,140.0,10.0,,,,,2.94,9.99,1
foundation,,,844.0,rock,,,31.42,91.8,12
brickwork,345.0,,,,large,,9.61,34.29,5
foundation,,,590.0,clay,,,16.6,48.75,9
concrete,,,930.0,,,M20,24.43,68.45,11
plastering,381.0,15.0,,,,,11.05,36.19,4
concrete,,,341.0,,,M25,8.87,23.65,5
brickwork,225.0,,,,large,,6.85,25.24,3
brickwork,387.0,,,,large,,12.61,43.83,6
plastering,174.0,10.0,,,,,3.76,11.51,2
brickwork,241.0,,,,standard,,5.65,19.86,3
plastering,362.0,12.0,,,,,8.93,29.24,4
foundation,,,623.0,rock,,,23.88,69.36,10
concrete,,,918.0,,,M30,33.07,93.21,14
foundation,,,884.0,rock,,,35.09,103.32,16
brickwork,396.0,,,,large,,11.75,40.05,4
foundation,,,404.0,clay,,,11.04,30.35,7
foundation,,,672.0,clay,,,20.71,59.59,13
concrete,,,899.0,,,M30,32.14,88.41,11
brickwork,472.0,,,,standard,,12.62,43.98,5
concrete,,,555.0,,,M20,12.54,34.14,9
foundation,,,349.0,clay,,,10.12,31.46,6
concrete,,,773.0,,,M30,27.39,77.5,13
foundation,,,609.0,rock,,,25.14,76.49,11
brickwork,167.0,,,,large,,5.17,18.21,3
concrete,,,617.0,,,M25,19.82,58.05,9
foundation,,,420.0,rock,,,16.2,47.18,5
concrete,,,470.0,,,M30,16.51,47.01,6
concrete,,,776.0,,,M25,22.0,60.07,10
plastering,234.0,12.0,,,,,5.63,18.25,3
concrete,,,966.0,,,M25,30.03,82.9,14
brickwork,474.0,,,,standard,,11.43,39.51,5
concrete,,,303.0,,,M20,7.28,18.47,3
foundation,,,938.0,clay,,,28.29,84.51,12
brickwork,467.0,,,,large,,13.31,45.71,8
foundation,,,269.0,sand,,,6.54,22.59,4
brickwork,415.0,,,,standard,,9.99,36.24,5
concrete,,,834.0,,,M30,30.22,85.95,12
brickwork,356.0,,,,large,,11.6,40.52,5
concrete,,,328.0,,,M20,8.67,26.33,5
concrete,,,643.0,,,M25,21.28,62.13,7
concrete,,,457.0,,,M20,11.77,30.87,6
foundation,,,227.0,clay,,,5.06,17.83,3
foundation,,,397.0,rock,,,13.51,38.28,7
brickwork,310.0,,,,standard,,7.13,25.33,4
foundation,,,977.0,clay,,,30.65,90.4,13
brickwork,349.0,,,,large,,11.47,39.84,5
concrete,,,503.0,,,M30,17.1,49.68,6
foundation,,,356.0,sand,,,10.45,30.02,6
concrete,,,996.0,,,M30,36.51,100.68,13
concrete,,,585.0,,,M30,21.04,59.17,7
brickwork,319.0,,,,standard,,7.84,26.97,5
plastering,335.0,12.0,,,,,7.94,24.56,4
brickwork,202.0,,,,large,,5.73,20.99,3
plastering,384.0,15.0,,,,,12.01,38.33,4
plastering,175.0,12.0,,,,,4.65,15.26,2
brickwork,470.0,,,,large,,13.76,48.29,7
foundation,,,421.0,rock,,,15.89,48.44,8
concrete,,,873.0,,,M30,31.76,86.84,10
plastering,122.0,12.0,,,,,3.41,10.38,1
plastering,249.0,12.0,,,,,6.36,19.62,2
plastering,358.0,15.0,,,,,10.77,35.4,3
foundation,,,421.0,rock,,,16.53,47.84,5
foundation,,,927.0,rock,,,34.26,101.41,16
plastering,152.0,10.0,,,,,2.89,9.28,2
concrete,,,845.0,,,M30,27.71,75.45,12
foundation,,,655.0,clay,,,19.89,60.09,12
